U_ID,ID,Q07,Q08,Q09,Q10,Q11,Q12,Q13,Q14,Q15,Q16,Q17,Q18,Q19,Q20,Q21,Q22,Q23,Q24,Q25,Q26,Q27,Q28,Q29,Q31,Q32,Average
A2,4242,1,1,1,1,1,1,1,1,1,1,1,1,1,1,1,1,1,1,NA,1,1,1,1,1,1,1
A108,4452,1,4,1,1,3,5,4,1,5,4,1,5,4,1,2,5,5,5,1,5,1,5,1,1,1,2.88
A280,4754,1,3,4,4,4,4,4,5,4,4,3,4,3,3,3,3,4,3,3,5,4,4,4,4,4,3.64
A327,4784,1,3,4,3,1,4,4,3,2,2,3,3,4,4,2,5,4,2,1,4,4,3,1,5,4,3.04
A323,2919,1,1,1,1,1,1,3,1,1,2,2,1,1,1,1,1,1,1,1,1,1,1,1,1,1,1.16
A34,4271,2,2,5,4,4,4,1,4,5,4,5,5,5,3,3,4,5,5,4,4,5,5,5,5,5,4.12
A41,4278,2,2,3,3,3,4,4,2,5,4,3,3,3,3,2,4,3,3,3,4,5,3,2,4,4,3.24
A39,4291,2,4,5,5,4,4,4,4,2,2,3,2,4,4,1,3,3,2,2,5,5,4,3,4,4,3.4
A146,4360,2,4,4,4,4,4,4,3,1,3,4,3,1,3,2,2,4,2,3,4,4,4,2,4,4,3.16
A309,4295,2,2,2,3,3,3,4,2,1,3,4,2,5,4,3,2,4,2,3,4,4,4,3,4,4,3.08
A346,4838,2,3,4,3,4,4,4,4,4,4,1,2,2,3,1,4,1,2,4,4,4,3,4,4,3,3.12
A351,4850,2,3,4,4,4,4,4,3,3,4,2,3,2,3,4,3,3,2,4,4,4,4,3,4,4,3.36
A392,4880,2,3,5,5,5,5,5,4,3,4,5,4,3,2,2,5,5,5,5,5,5,5,5,5,5,4.28
A393,4913,2,3,5,4,3,4,4,4,4,4,3,3,4,4,5,4,5,4,3,5,4,5,3,4,4,3.88
A4,4254,3,4,5,4,5,5,4,3,5,4,5,5,4,4,3,4,5,5,NA,5,4,5,5,5,5,4.41666666666667
A20,4277,3,4,5,4,5,4,5,4,4,2,3,4,4,4,2,3,4,3,NA,5,5,4,3,5,5,3.91666666666667
A29,4268,3,3,4,5,3,4,3,3,5,5,5,5,3,4,3,5,5,5,4,4,5,5,4,5,5,4.2
A26,4243,3,4,4,4,2,4,4,3,3,3,4,3,4,4,5,4,4,4,4,4,4,4,3,5,4,3.76
A36,4240,3,4,2,4,4,3,3,3,1,1,3,1,3,2,3,2,2,2,NA,4,3,NA,3,4,4,2.78260869565217
A49,4321,3,4,4,4,2,4,3,5,5,3,4,4,4,5,3,4,4,5,5,4,5,4,3,3,5,3.96
A50,4294,3,3,3,4,4,4,4,4,4,4,5,5,4,3,3,4,5,4,3,4,5,4,4,5,4,3.96
A58,4313,3,3,3,3,3,4,3,3,4,4,4,4,3,4,4,4,4,3,4,4,4,3,3,4,4,3.56
A56,4302,3,3,4,4,5,5,5,5,3,4,4,5,4,4,5,4,5,4,4,5,5,5,4,5,5,4.36
A51,4318,3,4,3,3,3,4,4,3,4,5,5,5,3,4,4,4,4,4,3,4,5,4,4,4,5,3.92
A70,4362,3,4,4,3,4,4,4,3,3,4,5,5,4,3,4,4,5,4,4,5,5,5,4,5,5,4.12
A94,4400,3,4,4,4,4,4,4,3,3,4,4,4,4,4,3,5,4,4,4,4,5,4,4,4,5,3.96
A98,4408F,3,4,4,5,4,4,4,3,3,5,4,4,4,3,4,4,4,4,4,5,5,4,4,5,5,4.08
A103,4435,3,3,2,3,4,4,4,2,4,3,5,4,4,4,4,5,4,4,4,3,3,4,3,5,3,3.64
A110,4457,3,4,4,4,4,5,5,4,3,4,4,4,3,4,4,5,4,3,4,4,4,4,5,4,4,4
A123,4377,3,4,4,4,4,4,4,4,4,4,4,4,4,3,3,4,4,4,4,4,5,5,4,5,5,4.04
A122,4382,3,3,4,4,4,4,3,3,3,2,4,4,4,3,4,3,4,4,4,3,4,4,4,4,4,3.6
A206,4381,3,2,4,3,2,4,4,2,3,3,4,3,2,3,4,3,2,2,5,5,4,3,4,4,4,3.28
A115,4391,3,3,3,4,3,4,3,4,2,3,3,3,3,4,3,3,4,3,3,4,4,2,3,4,4,3.28
A142,4431,3,3,3,4,3,4,4,3,3,5,5,5,5,3,4,4,5,4,4,4,4,4,4,3,4,3.88
A143,4432,3,4,3,4,3,4,3,3,1,3,3,4,4,3,2,4,4,3,4,4,3,4,4,4,3,3.36
A162,45719,3,2,4,2,2,4,4,2,2,2,3,4,3,3,3,3,3,2,3,4,4,4,2,4,4,3.04
A161,4558,3,5,4,4,4,5,4,4,4,4,5,3,4,4,3,3,4,4,4,4,4,4,4,4,4,3.96
A170,4551,3,3,5,4,4,4,4,4,4,4,4,4,4,4,4,5,5,4,4,5,5,5,4,5,5,4.24
A165,4550,3,4,4,4,3,4,3,4,3,4,3,4,4,4,5,4,5,4,4,4,5,4,4,5,5,4
A182,4467,3,4,4,4,4,4,4,4,5,4,5,4,4,4,4,4,4,4,4,4,5,4,4,5,4,4.12
A175,4475,3,3,4,4,4,4,4,4,4,3,5,4,3,3,3,3,4,4,2,5,4,4,3,3,5,3.68
A177,4485,3,3,4,4,5,4,3,5,5,2,5,5,4,4,4,3,5,4,3,5,5,5,4,5,5,4.16
A204,4509,3,4,4,4,4,4,4,3,5,4,4,4,4,5,5,5,5,4,5,5,5,4,4,4,4,4.24
A201,4518,3,3,4,4,5,3,4,4,2,2,3,3,3,3,5,3,3,4,3,4,4,4,3,3,4,3.44
A189,4499,3,3,4,3,4,4,4,3,5,3,1,4,2,4,4,3,4,4,4,4,4,1,2,4,5,3.44
A183,4504,3,4,4,4,4,4,4,4,3,4,5,4,4,4,4,4,5,3,4,4,4,4,3,5,5,4
A203,4501,3,3,4,3,4,4,3,3,5,3,4,5,3,3,3,4,5,3,3,5,4,4,4,5,5,3.8
A207,4374,3,4,4,3,4,4,3,4,4,4,5,4,4,5,2,4,3,4,4,4,5,4,4,4,4,3.88
A214,4316,3,3,4,4,3,4,3,3,4,3,4,5,3,3,3,4,4,3,2,3,3,4,4,3,4,3.44
A216,4305,3,3,4,4,4,4,2,3,2,4,3,3,2,4,4,4,4,4,3,4,3,4,2,4,3,3.36
A213,4326,3,3,4,4,4,4,4,4,2,3,3,5,4,4,2,4,5,5,4,5,5,5,5,5,5,4.04
A209,4314,3,3,3,4,4,5,4,4,3,3,4,4,2,3,4,2,5,4,4,4,5,4,5,5,5,3.84
A223,4702,3,2,4,4,4,4,4,4,2,3,4,3,3,3,2,3,3,2,2,4,3,2,2,3,3,3.04
A233,4734,3,5,4,5,4,5,4,4,4,4,4,5,3,5,4,4,4,4,5,5,4,4,4,5,5,4.28
A242,4762,3,3,4,4,3,4,4,2,3,4,4,4,3,4,3,4,5,4,2,5,4,5,3,5,4,3.72
A248,4755B,3,1,3,1,3,4,3,3,3,4,5,5,5,3,4,5,3,4,3,4,5,4,4,5,4,3.64
A241,4739B,3,5,5,5,3,5,3,3,3,5,5,3,3,5,3,4,5,3,3,5,5,1,3,5,5,3.92
A264,4599,3,3,5,4,4,4,5,4,4,4,5,4,3,4,4,4,5,4,3,4,5,4,4,5,4,4.08
A259,4592,3,3,5,4,5,5,4,4,5,5,5,5,4,5,5,5,5,5,5,4,5,5,5,5,5,4.64
A254,4617,3,4,3,4,4,4,4,4,4,3,4,4,4,4,4,3,4,3,3,5,4,4,3,5,5,3.84
A263,4615,3,4,4,4,5,4,3,3,4,3,5,4,3,4,3,5,4,4,4,4,3,4,4,4,2,3.76
A283,4743,3,3,4,3,5,3,4,5,5,5,5,5,4,3,4,4,5,3,5,5,4,5,3,4,5,4.16
A286,4737,3,3,4,4,3,5,4,5,2,4,5,4,3,3,3,3,4,3,2,3,4,4,3,3,3,3.48
A281,4748,3,3,4,3,4,3,3,5,4,5,3,4,5,3,3,5,4,5,5,5,4,4,4,4,5,4
A277,4756,3,4,5,4,4,4,3,5,3,5,4,5,5,5,3,5,5,4,5,5,5,4,5,5,3,4.32
A284,4739,3,3,3,3,4,4,3,3,3,4,3,4,4,4,4,4,3,4,3,4,4,4,4,4,4,3.6
A291,4235,3,4,4,5,5,5,3,5,5,4,5,5,5,4,4,5,4,5,5,5,3,4,5,5,4,4.44
A306,4668,3,4,5,4,5,3,4,5,4,4,4,4,4,5,4,4,4,4,3,4,4,5,3,5,4,4.08
A307,4656,3,3,3,3,4,4,3,3,3,3,3,4,4,5,2,3,5,3,5,5,5,5,5,4,5,3.8
A322,4782,3,3,4,4,4,4,4,4,4,4,4,4,4,4,3,4,5,3,4,5,4,4,3,4,4,3.88
A325,4787,3,4,4,4,3,4,4,3,3,3,3,2,3,4,4,3,4,3,3,4,4,4,4,4,5,3.56
A324,4785,3,5,5,5,2,5,4,3,5,4,5,5,4,5,2,5,5,5,4,5,5,5,4,5,5,4.4
A321,8291,3,1,4,1,1,1,1,1,1,1,2,2,2,1,1,1,1,1,2,2,3,2,1,1,2,1.56
A339,4803,3,3,4,4,3,4,4,3,2,3,2,4,2,3,3,4,4,3,3,4,4,3,3,4,4,3.32
A338,4806,3,4,4,5,3,4,4,4,4,4,4,4,4,4,4,4,4,4,3,4,4,4,4,4,4,3.92
A337,4795,3,4,4,4,4,4,3,4,5,2,5,4,3,4,1,3,4,4,4,3,5,5,5,5,5,3.88
A342,4833,3,4,5,4,3,4,5,3,4,3,3,3,3,3,3,5,5,3,3,5,5,4,3,5,5,3.84
A347,4829,3,3,5,4,3,4,3,2,4,3,4,4,4,4,2,3,4,3,3,4,4,3,4,4,4,3.52
A349,4830,3,3,3,3,5,3,3,4,5,4,5,5,4,4,4,5,4,2,4,5,5,3,5,5,5,4.04
A353,4855,3,2,3,4,3,2,4,2,3,5,3,2,1,3,1,5,3,3,4,4,2,3,4,5,4,3.12
A362,4874,3,4,3,4,4,4,3,4,4,4,4,3,3,3,4,4,4,4,4,5,5,3,5,5,5,3.92
A373,4914,3,3,5,4,4,5,4,4,4,5,5,5,4,5,3,5,5,5,5,5,5,5,5,5,5,4.52
A384,4922,3,5,5,4,4,4,3,4,5,4,4,4,4,4,4,5,4,5,2,5,5,5,4,5,5,4.24
A389,4909,3,4,4,4,4,5,5,4,5,3,5,4,3,4,5,4,3,4,5,4,4,5,4,4,4,4.12
A396,4921,3,3,4,4,5,4,3,4,4,5,5,5,3,4,4,4,4,4,5,5,5,5,5,5,4,4.24
A397,4902,3,4,4,4,4,3,5,4,4,4,4,4,4,5,2,3,4,3,2,5,5,4,2,5,5,3.84
A375,4926,3,3,4,3,3,2,3,3,3,4,3,3,2,2,3,3,4,5,5,4,3,4,5,2,2,3.24
A394,4907,3,4,4,4,4,4,4,3,4,5,4,4,4,3,3,4,4,4,3,4,4,4,4,4,4,3.84
A400,4946,3,4,5,5,4,3,4,2,3,5,5,5,5,5,5,4,5,5,4,5,5,4,5,5,5,4.4
A401,4956,3,4,3,4,3,4,4,3,3,2,5,4,5,4,4,3,4,4,2,5,4,3,4,4,5,3.72
A10,4262,4,3,5,5,4,5,5,4,5,3,5,4,3,4,4,5,5,4,NA,5,5,5,5,5,5,4.45833333333333
A1,4246,4,4,4,4,4,4,4,4,4,3,3,3,4,3,4,3,2,4,NA,4,4,4,4,4,4,3.70833333333333
A9,4261,4,4,NA,5,4,4,5,4,3,5,4,4,2,3,4,4,4,5,NA,5,5,4,4,4,5,4.1304347826087
A8,4251,4,3,4,4,NA,NA,NA,3,4,4,3,NA,NA,NA,NA,NA,NA,NA,NA,NA,NA,NA,NA,NA,NA,3.625
A15,4272A,4,4,4,3,4,4,5,3,5,4,5,5,5,5,5,5,5,5,NA,5,5,5,4,5,5,4.54166666666667
A17,4289,4,4,4,4,4,5,4,3,4,4,4,4,4,3,5,4,4,3,NA,4,4,4,3,3,4,3.875
A25,4286,4,3,3,3,4,4,4,4,3,3,3,4,3,3,3,4,4,4,NA,4,4,4,4,4,4,3.625
A16,4284,4,4,3,4,4,4,4,5,3,4,4,4,3,4,4,3,3,3,NA,4,3,4,3,4,5,3.75
A14,4276,4,4,4,4,4,4,4,4,4,5,5,5,5,5,4,4,4,5,NA,5,5,5,5,5,5,4.5
A24,4285,4,4,5,5,4,5,4,4,4,4,4,4,4,4,4,5,5,4,NA,4,4,5,5,4,5,4.33333333333333
A33,4264,4,4,4,4,5,4,4,4,3,5,3,3,4,5,4,4,5,4,5,5,5,4,4,5,5,4.24
A32,4258,4,4,5,5,5,4,5,4,5,4,5,5,5,4,4,5,5,4,4,5,5,5,4,5,5,4.6
A27,4248,4,4,5,5,5,5,5,4,5,5,5,5,5,5,5,5,5,5,5,5,5,5,5,5,5,4.88
A35,4274,4,4,5,4,4,4,4,4,4,4,5,5,3,4,4,5,5,5,5,5,4,4,5,5,4,4.36
A30,4260,4,5,5,5,5,5,5,5,4,5,5,5,4,4,4,5,5,5,4,5,5,5,4,5,5,4.72
A31,4269,4,4,4,5,5,5,4,4,2,3,3,5,4,3,3,4,4,3,3,4,5,4,4,5,5,3.96
A43,4293,4,4,4,4,4,3,4,4,NA,3,5,4,4,3,4,4,3,5,5,5,5,3,4,4,4,4
A44,4288,4,5,5,5,4,4,5,4,4,4,4,5,5,5,4,5,4,4,4,5,5,5,4,5,5,4.52
A40,4282,4,3,4,5,5,4,4,5,1,4,2,4,4,4,4,3,4,4,4,4,4,5,4,4,4,3.88
A55,4310,4,4,4,5,5,5,3,5,4,4,5,5,3,4,5,5,5,5,4,5,5,5,3,5,5,4.48
A46,4306,4,3,3,4,5,5,5,3,5,3,4,2,4,4,5,4,4,3,3,4,5,4,4,5,5,4
A52,4315,4,5,5,5,4,5,5,5,5,5,1,5,4,5,4,5,5,5,5,4,5,5,5,5,5,4.64
A48,4319,4,3,4,4,4,5,5,4,3,4,4,4,4,5,5,4,5,5,5,5,4,4,4,5,5,4.32
A54,4300,4,3,4,3,3,4,4,3,5,2,5,5,4,5,5,4,5,5,4,5,5,5,5,5,5,4.28
A63,4343,4,5,5,5,5,5,5,4,5,5,5,5,5,5,4,5,5,5,5,5,5,5,5,5,5,4.88
A60,4363,4,4,5,5,5,5,5,5,4,4,4,4,5,4,4,5,5,5,5,5,5,5,5,NA,5,4.66666666666667
A61,4333,4,4,4,4,4,4,4,4,3,4,4,4,3,3,4,3,3,4,4,5,4,4,4,4,4,3.84
A64,4367,4,3,4,5,5,4,4,5,3,5,5,5,4,5,5,4,5,3,4,5,5,4,4,5,5,4.4
A72,4359,4,3,5,5,4,4,5,5,4,4,4,4,3,3,3,4,5,4,4,5,5,5,5,5,5,4.28
A79,4347,4,5,5,5,5,4,4,5,5,5,5,5,4,4,5,5,4,5,5,5,5,5,5,5,5,4.76
A77,4323,4,4,5,5,5,5,5,5,4,4,5,5,5,4,5,5,5,5,5,4,5,5,5,4,5,4.72
A66,4356,4,4,3,4,4,5,4,3,3,4,5,5,4,4,3,3,5,4,4,5,5,5,4,5,5,4.16
A67,4357,4,NA,5,5,5,4,4,4,4,3,4,4,4,4,5,3,4,4,5,4,5,4,5,4,4,4.20833333333333
A80,4339,4,4,4,4,3,4,4,3,4,3,4,4,4,5,4,5,4,4,4,5,5,4,4,5,5,4.12
A62,4373,4,4,3,4,3,5,4,3,4,4,4,5,4,5,4,4,5,5,5,5,5,5,5,5,5,4.36
A71,4348,4,4,5,5,4,5,4,4,3,5,4,4,3,3,3,4,5,5,4,4,5,4,5,5,5,4.24
A76,4355,4,3,4,4,4,4,3,4,3,3,4,3,3,3,3,3,4,4,4,5,4,4,4,4,4,3.68
A78,4364,4,4,4,4,4,4,4,4,4,3,4,4,3,4,4,4,4,3,3,4,4,4,3,4,4,3.8
A92,4413,4,4,4,4,4,4,3,4,2,2,3,2,3,2,3,4,4,3,4,5,5,3,4,5,5,3.6
A91,4415,4,4,4,4,4,4,4,4,4,3,4,4,3,3,3,3,4,3,3,4,4,3,3,4,4,3.64
A95,4421,4,5,4,4,4,5,4,4,5,4,4,5,4,4,3,4,5,3,3,5,5,4,3,5,5,4.2
A85,4410,4,4,5,4,4,4,4,4,4,4,4,5,5,4,4,5,5,5,4,5,5,4,4,5,5,4.4
A86,4411,4,4,4,4,3,4,4,3,3,4,4,4,4,5,3,4,5,3,4,4,5,4,4,4,5,3.96
A84,4404,4,5,5,5,5,5,5,5,2,4,3,2,2,2,2,4,4,4,3,5,5,4,4,5,5,3.96
A90,4419C,4,3,3,4,4,4,4,3,2,3,3,3,3,3,3,4,4,3,4,4,4,4,4,4,4,3.52
A89,4418,4,3,4,4,4,5,4,4,4,5,5,5,4,4,4,4,5,5,5,5,5,4,5,5,5,4.44
A82,4406,4,4,5,5,4,4,4,4,3,4,5,4,3,4,4,4,4,4,3,5,5,3,4,5,5,4.12
A97,4397,4,3,4,4,4,4,4,4,4,4,4,4,4,3,4,3,5,5,4,5,5,5,4,5,5,4.16
A96,4417,4,4,5,5,5,4,5,4,3,5,4,4,4,4,5,4,5,5,4,5,5,4,4,5,5,4.44
A112,4453,4,4,4,5,4,4,4,4,4,4,4,5,4,4,3,4,5,4,4,4,4,4,4,4,5,4.12
A106,4454,4,5,4,5,3,3,4,4,2,3,3,3,3,2,2,4,4,5,5,5,4,3,5,4,5,3.76
A99,4456,4,4,4,4,4,4,4,5,5,5,4,4,3,4,3,4,5,5,4,4,5,4,4,5,5,4.24
A107,4450,4,4,4,4,3,4,4,3,4,3,3,3,3,3,3,3,5,3,4,5,5,4,3,4,5,3.72
A102,4449,4,5,5,5,4,4,4,4,5,5,5,4,5,4,4,5,3,3,4,4,4,4,3,4,5,4.24
A101,4455,4,4,4,4,4,4,4,3,1,4,3,2,4,3,4,1,1,2,2,4,4,1,3,4,4,3.12
A111,4451,4,4,5,4,4,5,4,4,5,5,5,5,5,5,5,5,5,5,5,5,5,5,5,5,5,4.76
A113,4460,4,4,5,5,4,4,4,4,4,5,5,5,4,4,4,5,5,5,5,5,5,5,5,5,5,4.6
A125,4378,4,4,4,4,4,4,4,4,4,4,4,4,4,4,4,4,4,4,4,4,4,4,4,5,4,4.04
A119,4376,4,5,5,5,4,5,4,4,5,4,5,4,5,5,4,5,5,4,5,5,5,5,5,5,5,4.68
A114,4390,4,3,4,4,3,4,4,4,4,5,4,4,4,3,5,5,4,4,4,4,4,4,5,5,5,4.12
A118,4379,4,4,4,5,4,4,4,3,5,4,4,4,4,4,4,4,5,5,5,4,4,4,5,4,5,4.24
A124,4380,4,5,5,5,4,5,5,4,3,5,5,4,4,4,5,5,5,4,5,5,5,5,5,5,5,4.64
A132,4335,4,4,4,4,5,4,4,4,3,5,4,3,3,4,5,4,4,3,3,4,5,4,3,4,5,3.96
A129,4279,4,4,4,4,3,5,4,4,4,4,4,4,2,3,4,4,5,4,4,4,4,4,4,4,4,3.92
A130,4281F,4,3,5,4,3,5,4,3,5,5,5,4,4,3,4,4,5,4,4,5,5,5,4,5,5,4.28
A131,4245,4,4,4,4,5,5,5,4,3,5,5,4,3,4,4,3,5,4,4,5,5,4,4,4,5,4.24
A135,4283,4,4,4,4,3,4,4,3,4,4,4,4,4,4,4,4,4,4,4,5,5,4,4,5,5,4.08
A137,4426,4,4,4,5,4,5,4,3,4,4,4,5,4,4,4,4,4,4,4,5,5,4,4,5,5,4.24
A140,4423,4,4,5,4,4,5,3,4,4,5,5,5,5,5,5,5,5,5,5,5,5,5,5,5,5,4.68
A145,4429,4,4,4,4,4,4,4,4,4,4,4,4,4,4,4,4,4,4,4,4,4,4,4,4,4,4
A139,4440,4,5,3,4,3,5,2,2,1,5,2,2,3,3,1,5,3,3,1,4,4,4,3,4,4,3.2
A148,4350,4,4,5,5,5,4,4,5,3,3,3,4,3,4,3,3,4,4,5,4,4,4,4,4,4,3.96
A167,4535,4,4,4,3,4,5,4,4,5,4,4,4,3,4,4,5,5,4,5,5,4,5,5,5,5,4.32
A171,4538F,4,5,5,5,4,5,4,4,4,4,4,5,4,4,4,4,5,4,4,4,5,4,4,4,4,4.28
A166,4564,4,4,4,5,4,4,4,4,4,5,4,4,4,4,5,4,5,5,5,5,5,5,5,5,5,4.48
A163,4538,4,4,4,4,3,4,4,4,5,5,5,5,5,4,5,5,4,5,5,5,5,4,5,5,5,4.52
A150,4545,4,4,5,4,4,5,4,4,4,5,5,5,5,4,4,4,5,4,5,4,5,5,5,5,4,4.48
A158,4533,4,4,5,5,4,5,5,4,5,5,5,5,4,4,5,5,5,5,5,5,5,5,5,5,5,4.76
A153,4537,4,4,4,4,5,4,3,4,4,4,4,5,4,4,5,4,4,4,4,5,4,4,4,4,4,4.12
A168,4549,4,4,4,4,4,4,4,4,3,3,4,3,3,4,3,4,4,4,3,4,4,4,4,4,4,3.76
A155,4574,4,4,4,4,3,4,4,3,3,3,4,5,3,4,4,4,4,4,5,4,4,4,4,4,4,3.88
A152,45710,4,3,4,4,3,4,4,3,3,4,4,4,4,3,4,4,3,3,4,4,5,4,3,4,5,3.76
A149,4536,4,3,3,4,4,4,4,4,4,3,4,3,3,3,3,3,3,3,3,4,5,4,4,4,4,3.6
A160,4566,4,4,4,4,3,4,4,3,3,4,4,3,4,4,3,4,4,4,4,4,5,4,5,5,5,3.96
A169,4528,4,4,5,5,4,5,5,4,4,5,4,5,4,4,5,5,5,5,5,5,5,5,5,5,5,4.68
A154,4562,4,3,4,5,4,4,4,4,5,3,4,4,5,4,4,4,4,3,4,5,4,4,4,4,4,4.04
A218,4527,4,4,4,3,3,4,4,2,1,2,3,3,2,4,3,4,3,3,3,4,4,3,3,4,4,3.24
A176,4465,4,3,4,4,4,4,3,4,3,2,4,4,3,5,3,3,5,3,4,5,5,4,3,5,5,3.84
A184,4517,4,3,4,4,4,4,4,4,5,5,5,5,4,4,5,5,5,5,4,5,5,5,4,5,5,4.48
A180,4488,4,4,5,5,5,5,4,5,3,4,5,4,3,5,5,4,5,4,5,4,5,5,4,5,5,4.48
A186,4498,4,4,4,5,3,4,4,4,4,2,4,4,3,4,4,5,4,4,4,5,5,5,5,5,5,4.16
A194,4514,4,4,4,4,5,5,4,5,3,3,4,4,4,4,4,5,5,5,4,5,5,4,4,4,4,4.24
A219,4494,4,4,5,4,5,5,4,5,3,3,4,4,4,4,5,4,5,4,4,5,5,5,5,4,4,4.32
A197,4478,4,5,5,4,4,5,4,3,4,5,5,5,4,5,3,4,5,5,5,5,4,2,5,5,5,4.4
A198,4524,4,4,4,4,3,5,4,3,4,5,5,4,3,4,5,3,4,4,5,4,5,4,3,5,4,4.08
A221,4490,4,2,4,4,4,3,4,4,3,2,3,5,3,3,4,5,4,3,4,5,3,4,5,4,4,3.72
A200,4500,4,5,4,4,4,4,5,4,4,4,4,4,4,4,5,5,5,4,4,5,5,5,4,5,5,4.4
A193,4515,4,4,3,3,3,4,4,3,5,4,5,5,4,4,3,5,5,4,4,5,5,5,4,5,5,4.2
A205,4502,4,5,4,4,5,4,3,5,5,3,4,4,4,5,3,4,4,4,4,4,4,5,3,4,4,4.08
A220,4513,4,4,5,4,3,5,3,3,4,4,4,5,4,5,4,5,5,5,5,5,5,5,5,5,5,4.44
A187,4492,4,5,5,4,5,4,5,4,4,5,4,5,5,5,4,4,5,5,4,5,4,5,4,4,4,4.48
A178,4466,4,3,4,5,5,5,5,5,4,5,5,5,3,3,4,5,5,4,3,5,5,5,4,5,5,4.44
A199,4491,4,4,4,4,3,4,4,3,3,4,4,5,4,4,3,4,4,4,4,4,5,4,4,4,4,3.92
A185,4503,4,5,4,5,5,4,5,5,4,3,4,5,4,4,4,3,5,4,4,4,4,4,4,4,5,4.24
A196,4505,4,4,5,5,4,4,4,4,4,3,5,5,4,4,4,5,5,5,5,5,5,5,5,5,5,4.52
A210,4372,4,4,4,4,4,4,3,4,4,4,4,4,4,5,3,4,4,4,4,4,4,4,4,4,3,3.92
A211,4381R,4,5,4,5,4,4,5,4,5,5,4,4,4,3,4,5,5,4,5,5,5,5,5,5,5,4.52
A217,4310R,4,3,3,4,4,4,3,3,4,3,4,4,3,3,4,4,3,3,4,3,3,4,3,3,4,3.48
A208,4281,4,3,4,4,4,4,4,4,3,4,4,4,5,3,4,4,4,4,4,4,4,4,4,4,4,3.92
A215,4353,4,4,4,5,5,5,5,4,4,5,5,5,5,4,5,4,5,5,4,5,5,5,5,5,5,4.68
A212,4297,4,5,3,4,3,5,3,3,3,4,4,5,4,4,4,4,4,3,4,5,4,4,4,5,5,4
A222,4712,4,4,5,5,4,5,5,4,5,5,5,5,5,4,5,5,5,5,5,5,5,5,5,5,5,4.8
A226,4697,4,4,4,4,4,3,4,3,5,1,4,3,2,3,4,4,4,4,4,5,5,4,4,5,5,3.84
A229,?,4,5,4,5,4,4,4,3,4,4,4,4,4,4,4,4,5,4,4,5,5,4,5,5,5,4.28
A234,4717,4,4,5,5,4,4,4,4,3,4,5,5,4,4,4,4,5,5,4,5,5,5,5,5,5,4.44
A237,4716,4,5,4,5,4,4,4,4,4,4,4,4,3,5,5,5,5,5,5,5,5,4,4,5,5,4.44
A239,4606,4,4,5,5,5,5,4,4,4,4,5,5,3,5,5,5,5,5,5,5,5,4,4,5,5,4.6
A231,4723,4,5,5,5,5,5,5,5,4,4,5,5,4,4,4,4,5,5,5,5,5,5,5,5,5,4.72
A247,4761,4,4,5,5,5,5,5,5,3,5,5,5,4,5,4,4,5,5,5,5,5,5,5,5,5,4.72
A246,4756B,4,5,4,4,5,4,4,5,4,4,5,4,3,3,5,4,3,5,4,5,5,5,4,5,5,4.32
A249,4757,4,4,5,4,5,5,4,5,3,5,5,4,4,4,5,4,5,5,5,3,5,4,4,5,5,4.44
A243,4764,4,4,4,4,3,4,4,4,3,5,5,5,5,5,4,4,5,5,5,5,5,5,5,5,5,4.48
A260,4607,4,5,4,5,4,4,5,5,4,5,5,5,5,4,4,4,5,4,5,5,5,5,4,5,5,4.6
A256,4609,4,4,5,5,5,5,5,4,5,4,5,5,3,2,4,5,5,5,5,5,5,5,4,5,5,4.56
A253,4602,4,4,4,5,4,5,5,4,4,5,4,5,4,4,5,4,5,5,5,5,5,5,5,5,5,4.6
A270,4608,4,4,5,4,4,5,4,4,3,3,4,3,4,4,5,4,4,3,4,5,5,4,4,5,5,4.12
A267,4584,4,4,5,4,3,5,5,3,3,4,4,3,3,5,3,4,4,4,3,5,5,4,4,5,5,4.04
A258,4589,4,4,4,5,4,5,4,4,3,4,4,3,4,4,4,4,5,5,5,5,5,5,5,5,5,4.36
A257,4626,4,4,4,5,5,5,5,5,3,3,4,4,4,5,4,4,5,4,4,5,5,5,4,5,5,4.4
A266,4598,4,5,5,5,4,4,4,4,2,4,3,2,2,3,3,4,4,3,2,5,4,5,4,5,5,3.8
A255,4616,4,5,4,5,5,4,5,3,4,3,4,4,4,4,4,4,4,3,3,4,4,3,4,4,4,3.96
A273,4597,4,5,5,4,3,5,4,4,5,5,5,5,3,5,3,5,5,5,5,5,5,5,5,5,5,4.6
A265,4586,4,4,4,4,5,4,4,4,3,5,4,5,4,3,5,5,5,4,5,5,5,5,5,5,5,4.44
A269,4593,4,5,3,4,4,4,5,5,4,3,4,4,4,2,5,3,4,4,4,5,4,5,4,4,5,4.08
A272,4627,4,4,4,4,4,4,4,3,4,4,4,4,4,5,3,5,5,5,5,5,5,5,5,5,5,4.36
A271,4610,4,3,4,3,4,4,4,3,3,4,4,5,4,3,4,5,5,4,2,5,4,4,4,4,4,3.88
A282,4753,4,4,4,4,5,4,4,4,5,4,5,5,4,4,5,5,5,4,4,5,5,3,4,4,5,4.36
A279,4272,4,4,4,4,4,4,4,3,4,4,4,4,4,4,4,4,4,4,3,4,4,4,4,4,4,3.92
A278,4740,4,4,3,3,3,4,4,3,3,4,4,3,3,4,3,4,4,4,3,4,4,4,4,4,4,3.64
A357,4750,4,4,5,5,5,3,3,5,1,1,1,1,3,1,1,2,1,1,1,5,5,3,1,4,5,2.84
A276,4755,4,4,4,4,5,4,5,4,4,4,4,4,4,4,4,4,4,4,4,4,5,4,5,4,4,4.16
A358,4752,4,3,4,3,5,4,4,5,3,5,5,4,4,4,4,5,5,5,4,4,5,5,4,5,5,4.32
A292,4224,4,5,5,5,4,5,4,4,5,5,5,5,4,4,4,5,5,5,5,5,4,5,5,5,4,4.64
A287,4232,4,4,4,5,3,4,4,3,4,5,4,4,4,4,4,4,4,5,4,4,4,3,4,4,4,4
A293,4236,4,4,4,4,4,4,4,4,4,4,4,4,4,3,4,4,5,4,5,5,4,4,4,4,4,4.08
A288,4229,4,5,5,5,4,5,5,5,4,4,4,5,5,5,4,5,5,4,5,5,5,5,5,5,5,4.72
A290,4219,4,5,5,5,5,5,5,5,5,5,5,5,3,4,3,5,5,5,4,5,5,5,5,5,5,4.72
A295,4773,4,5,5,5,4,5,5,4,4,5,5,5,5,3,5,5,5,5,5,5,5,5,5,5,5,4.76
A296,4760,4,4,4,4,4,4,4,2,3,4,4,3,4,3,4,4,2,4,3,4,5,4,4,5,5,3.8
A294,4767,4,4,4,4,4,4,4,3,3,3,3,4,4,4,4,4,4,4,4,4,4,4,4,4,4,3.84
A303,4775,4,4,5,5,5,4,5,4,5,5,5,5,5,4,5,5,5,4,4,5,5,5,5,5,5,4.72
A299,4768,4,4,4,5,4,4,4,4,4,4,4,4,4,4,5,4,5,4,5,5,5,5,4,5,5,4.36
A300,4763,4,3,2,4,3,5,3,3,4,3,4,4,4,4,3,5,4,3,4,5,5,5,4,5,5,3.92
A304,4770,4,3,3,4,3,4,3,3,4,4,4,4,4,4,3,3,5,5,5,5,5,5,4,5,5,4.04
A302,4765F,4,4,5,4,4,5,4,4,5,5,5,5,4,3,4,4,5,5,5,5,5,5,5,5,5,4.56
A301,4771,4,4,4,3,3,4,4,3,4,4,4,4,4,4,5,4,4,4,4,4,4,4,4,4,4,3.92
A314,4822,4,5,5,5,5,5,5,4,4,5,5,5,4,4,5,5,5,5,4,5,5,4,4,5,5,4.68
A313,4819,4,4,4,5,4,4,4,4,5,4,3,5,4,4,4,5,5,5,4,5,5,5,5,5,5,4.44
A311,4825,4,4,4,4,4,4,4,4,4,3,4,4,4,4,4,5,4,4,3,3,4,4,4,4,4,3.92
A317,4824,4,5,4,4,5,5,5,5,2,4,4,3,5,4,5,4,4,3,4,5,5,4,5,5,4,4.28
A318,4781,4,4,5,5,3,4,4,3,2,4,3,3,4,3,2,4,3,3,3,5,4,4,4,5,5,3.72
A329,4783,4,4,4,5,2,4,4,3,4,3,4,3,3,4,2,4,3,2,3,5,5,4,2,5,5,3.64
A319,4789,4,4,4,4,3,4,5,4,4,5,4,4,2,3,3,5,5,5,5,5,5,5,5,5,5,4.28
A320,4786,4,4,4,4,3,4,4,4,3,4,5,4,3,4,4,4,5,4,4,5,5,5,4,5,5,4.16
A328,4780,4,4,4,4,4,4,4,4,4,4,4,4,4,4,4,5,5,4,4,5,5,3,4,5,5,4.2
A331,4802,4,4,4,4,4,4,4,3,3,3,4,4,4,4,3,3,3,3,3,4,4,4,3,4,4,3.64
A332,4814,4,3,4,3,4,4,4,3,3,4,4,4,3,4,4,4,4,4,4,4,4,4,3,5,4,3.8
A330,4408,4,3,4,3,4,4,4,4,3,2,3,3,4,4,3,3,4,4,4,4,4,4,4,4,4,3.64
A336,4807,4,4,4,4,3,4,4,2,5,4,4,4,5,5,4,5,4,4,5,5,4,4,5,4,4,4.16
A335,4799,4,4,4,4,3,4,4,4,4,4,4,4,4,4,4,4,4,4,5,4,5,4,4,4,5,4.08
A333,4805,4,3,3,3,3,4,4,2,4,3,4,5,3,4,4,4,4,3,4,4,4,4,4,4,4,3.68
A344,4828,4,4,2,5,3,4,4,4,2,3,3,4,3,3,3,4,4,2,3,4,4,3,4,4,4,3.48
A343,4831,4,3,5,5,3,5,4,4,3,5,4,4,4,4,4,5,5,5,5,5,5,4,5,5,5,4.4
A352,4845,4,4,4,4,4,4,4,4,4,5,5,5,4,4,3,4,4,4,5,5,4,5,4,4,5,4.24
A356,4841,4,4,3,4,4,4,4,4,4,4,5,5,5,4,5,5,5,5,5,5,5,5,5,5,5,4.52
A355,4839,4,2,2,4,3,4,4,3,3,3,3,4,3,3,4,5,4,4,2,4,4,3,4,4,4,3.48
A359,4860,4,4,4,5,4,4,4,4,3,4,3,3,3,4,3,4,4,4,4,4,4,3,4,4,5,3.84
A365,4861,4,4,3,3,3,4,3,3,4,5,4,4,4,3,4,4,5,4,4,4,4,4,4,5,5,3.92
A360,4871,4,4,5,5,5,4,4,3,3,3,3,4,3,4,3,4,4,4,5,4,5,4,4,4,5,4
A367,4870,4,3,4,4,4,4,4,4,1,3,3,2,3,2,4,4,4,3,3,3,4,3,3,3,4,3.32
A366,4863,4,5,5,5,3,4,5,5,3,4,3,3,4,4,4,2,4,3,5,4,4,4,4,4,4,3.96
A364,4868,4,5,5,5,5,5,4,4,5,4,5,5,4,5,5,5,5,5,5,5,5,5,5,5,5,4.8
A368,4897,4,4,4,4,3,5,4,4,4,4,4,5,4,4,4,5,4,4,3,4,4,4,4,5,4,4.08
A387,4919,4,5,4,5,5,4,4,5,3,5,3,4,4,3,4,4,4,4,4,5,4,5,5,5,5,4.28
A383,4908,4,4,4,5,4,5,5,5,3,4,4,5,5,4,4,5,5,4,4,4,5,4,4,5,5,4.4
A374,4910,4,4,4,5,3,4,5,3,4,5,4,4,4,4,5,5,4,4,3,5,5,4,4,5,5,4.24
A385,4878,4,4,5,5,5,5,5,5,4,5,5,5,4,4,4,5,5,5,5,5,5,5,5,5,5,4.76
A378,4879,4,5,5,5,3,5,4,4,4,5,5,5,4,4,5,4,5,5,4,5,5,5,5,5,4,4.56
A382,4900,4,4,5,4,5,4,5,5,4,4,5,4,3,4,3,4,5,4,4,5,5,5,3,5,5,4.32
A376,4927,4,3,3,4,3,5,4,3,3,5,4,4,5,4,3,4,4,4,4,4,5,4,4,4,4,3.92
A391,4917,4,3,4,4,4,4,4,4,5,5,5,4,4,3,5,4,4,5,4,4,4,5,4,4,4,4.16
A399,4886,4,3,4,4,5,4,3,4,5,5,4,5,3,4,4,5,5,5,5,5,4,4,5,5,5,4.36
A381,4903,4,2,4,3,4,3,4,4,5,4,3,5,4,5,4,5,5,4,4,5,4,5,4,5,5,4.16
A370,4887,4,4,5,4,4,4,4,4,4,5,4,4,5,4,5,4,5,4,5,4,4,4,4,3,4,4.2
A388,4899,4,4,5,5,3,4,4,4,5,4,4,4,4,3,5,5,5,4,4,4,4,5,4,5,4,4.24
A394,4933,4,2,3,4,4,3,3,3,4,4,4,4,4,4,5,5,4,4,4,3,4,5,4,4,4,3.84
A395,4937,4,3,3,4,5,5,4,4,3,5,3,3,4,3,2,4,4,2,4,4,4,2,4,3,4,3.6
A396,4950,4,4,3,4,4,3,4,4,3,4,5,4,4,4,5,4,5,5,4,5,5,4,3,5,5,4.16
A398,4957,4,4,4,3,4,5,5,4,3,4,4,4,5,4,5,4,5,4,4,5,5,5,4,5,4,4.28
A399,4930,4,4,4,4,5,4,4,5,4,4,4,4,4,4,4,4,4,4,5,4,4,4,4,4,4,4.12
A403,4928,4,4,4,4,4,5,5,5,4,4,5,5,4,3,5,4,4,5,5,5,5,5,4,5,5,4.48
A404,4952,4,5,4,5,3,4,4,4,2,4,5,5,4,5,5,5,5,5,5,5,5,5,5,5,5,4.52
A405,4947,4,5,4,5,4,4,5,4,3,5,5,5,5,4,5,5,5,5,5,5,5,4,5,5,5,4.64
A406,4942,4,4,4,4,4,4,4,4,4,4,4,4,3,3,4,5,4,4,4,4,4,4,4,4,4,3.96
A408,4948,4,4,5,4,4,4,4,4,3,4,5,4,4,5,4,4,4,4,4,5,5,4,4,5,5,4.24
A409,4936,4,4,4,4,4,3,4,4,4,4,5,4,4,3,4,4,4,4,4,5,5,5,4,5,4,4.12
A410,4943,4,4,4,5,4,4,5,4,4,4,5,4,4,3,3,4,5,3,4,5,5,4,4,5,5,4.2
A411,4941,4,3,5,4,5,5,4,4,3,3,4,3,4,3,2,3,5,4,5,5,5,5,5,5,5,4.12
A413,4935,4,4,4,5,4,5,4,5,4,5,5,5,5,4,4,4,5,4,5,5,5,5,5,5,5,4.6
A414,4931,4,5,5,5,5,3,4,4,2,2,4,4,3,4,1,3,5,5,5,5,4,4,5,5,5,4.04
A415,4949,4,4,5,4,5,5,4,3,4,4,5,4,4,4,3,4,4,4,4,4,4,4,5,5,4,4.16
A7,4244,5,2,1,3,2,5,5,3,1,4,4,5,5,4,4,4,4,5,NA,2,4,5,4,5,4,3.75
A6,4241,5,5,5,5,5,5,5,5,4,5,5,5,5,5,5,5,5,5,NA,5,5,5,5,5,5,4.95833333333333
A5,4247,5,5,5,5,4,5,5,5,3,5,4,4,4,4,5,4,5,5,NA,5,5,5,5,4,5,4.625
A13,4259,5,4,5,5,4,5,5,4,5,5,5,5,5,5,5,5,5,5,NA,5,5,4,5,5,5,4.83333333333333
A12,4257,5,5,5,5,5,5,5,5,3,3,4,4,3,3,3,4,3,4,NA,5,5,4,3,5,5,4.20833333333333
A11,4250,5,4,4,5,5,5,5,5,3,4,4,4,3,5,4,4,4,5,NA,5,5,5,5,5,5,4.5
A19,4287,5,5,5,5,5,5,4,4,4,5,5,5,4,5,5,5,5,5,NA,5,5,5,NA,5,5,4.82608695652174
A23,4294F,5,5,5,5,4,4,5,5,4,5,5,5,5,NA,4,4,5,5,NA,4,5,5,5,5,5,4.73913043478261
A21,4275,5,4,5,4,5,4,5,5,4,4,5,5,5,4,5,5,5,5,NA,5,5,5,5,5,5,4.75
A22,4293F,5,5,5,4,5,4,5,3,4,5,5,3,5,5,4,5,5,4,NA,5,5,5,4,5,5,4.58333333333333
A18,4273,5,5,4,5,4,4,4,4,5,4,4,5,5,3,5,5,5,5,NA,5,5,5,5,5,5,4.625
A28,4249,5,4,5,4,5,4,5,4,4,5,5,4,4,5,5,5,4,5,5,4,4,4,5,4,4,4.48
A42,4290,5,5,5,5,4,4,5,4,4,4,4,3,3,4,4,5,4,4,4,5,5,4,4,4,4,4.24
A47,4304,5,4,5,5,5,4,5,5,5,4,4,4,5,4,5,4,5,5,4,5,4,4,5,4,4,4.52
A53,4322,5,3,3,3,4,5,5,4,4,5,5,5,5,5,5,5,4,5,5,5,5,5,5,5,4,4.56
A45,4309,5,5,5,5,3,5,5,5,5,5,5,5,5,5,5,5,5,5,5,5,5,5,5,5,5,4.92
A59,4299,5,4,5,5,4,5,5,4,5,4,5,5,4,4,4,4,4,4,5,5,5,5,5,5,5,4.6
A57,4301,5,4,4,4,4,5,4,4,4,5,5,5,4,4,5,4,5,5,5,5,5,5,5,5,5,4.6
A69,4327,5,3,4,4,3,5,4,5,3,3,5,5,5,3,4,5,4,5,5,5,5,5,5,5,5,4.4
A65,4324,5,5,5,5,3,5,5,4,5,5,5,5,5,5,5,5,5,5,5,5,5,5,5,5,5,4.88
A74,4342,5,5,5,2,4,5,5,5,4,4,4,5,4,5,4,5,5,4,4,5,5,4,4,5,5,4.48
A126,4352,5,5,5,5,5,5,5,5,5,5,5,5,5,5,5,5,5,5,5,5,5,5,5,5,5,5
A73,4328,5,4,5,5,5,5,4,4,4,3,5,4,4,4,5,4,5,5,4,5,5,5,5,5,5,4.56
A87,4396,5,4,4,5,4,5,5,4,5,5,5,5,4,5,5,5,5,5,5,5,5,5,4,5,5,4.76
A93,4022,5,3,4,4,4,4,3,2,5,5,5,5,4,4,5,5,5,3,4,5,5,5,4,5,5,4.32
A81,4422,5,5,5,5,5,5,5,5,5,5,5,5,5,5,5,5,5,5,5,5,5,5,5,5,5,5
A83,4407,5,4,4,4,4,4,4,5,4,5,5,4,4,5,3,4,5,4,4,4,4,4,4,4,5,4.24
A104,4447,5,5,5,4,4,5,5,4,4,5,4,5,4,4,5,5,5,4,5,5,5,5,5,5,5,4.68
A100,4459,5,5,5,5,5,5,5,5,4,3,4,4,3,4,4,3,4,4,4,4,5,4,4,5,5,4.32
A109,4448,5,3,5,4,4,5,5,4,4,5,5,5,4,5,3,5,5,5,4,5,4,5,5,4,4,4.48
A105,4458,5,4,5,5,5,5,5,5,4,4,4,5,4,4,5,5,5,5,4,5,5,5,5,5,5,4.72
A116,4384,5,5,5,5,5,5,5,5,4,5,5,5,5,5,5,4,5,5,5,5,5,5,5,5,5,4.92
A121,4383,5,4,4,4,4,5,4,5,5,4,5,5,5,3,5,5,5,5,5,5,5,5,5,5,5,4.68
A117,4368,5,4,5,5,5,5,4,5,5,5,5,5,5,5,5,5,5,5,5,5,5,5,5,5,5,4.92
A120,4394,5,5,5,5,5,5,5,4,4,5,5,5,5,4,4,5,5,5,5,5,5,5,5,5,5,4.84
A133,4279F,5,4,5,4,4,5,4,4,5,4,5,4,4,4,4,4,5,5,5,5,5,5,5,5,5,4.56
A127,4334,5,4,4,5,4,5,5,5,4,4,4,4,4,3,4,4,4,4,4,4,5,4,4,5,4,4.24
A128,4341,5,5,5,5,5,5,5,4,3,3,5,5,5,5,3,5,4,4,4,5,5,5,4,5,4,4.52
A144,4430,5,5,5,5,3,4,5,3,3,4,4,4,3,4,5,5,5,2,3,5,5,5,3,5,5,4.2
A141,4437,5,5,5,4,5,5,4,4,4,5,5,5,4,5,4,5,4,5,5,5,5,5,5,5,5,4.72
A134,4428,5,4,4,4,4,5,5,4,4,4,4,4,4,4,4,3,4,4,4,5,5,5,4,5,5,4.28
A138,4436,5,5,5,5,5,5,4,4,4,5,5,5,4,4,5,5,4,5,5,5,5,5,5,5,5,4.76
A136,4433,5,5,5,5,4,5,4,4,4,4,5,5,4,5,3,4,5,5,5,5,5,5,5,5,5,4.64
A147,4344,5,5,5,5,5,5,4,5,2,5,4,4,3,2,5,5,5,4,4,5,5,3,4,5,5,4.36
A156,4531,5,4,5,4,5,5,5,5,3,5,4,5,4,5,3,4,5,5,5,5,5,5,5,5,5,4.64
A157,4540,5,5,5,5,5,5,4,5,2,2,1,1,1,2,3,3,5,4,5,5,5,4,4,5,5,3.84
A159,4559,5,5,5,5,4,5,5,4,5,4,4,4,4,4,4,5,4,4,5,5,5,4,4,5,5,4.52
A164,4568,5,5,5,5,3,5,5,4,5,4,4,5,4,4,4,4,4,4,5,5,5,4,4,5,5,4.48
A172,4543,5,5,5,5,5,5,5,5,5,4,5,5,5,5,5,5,5,5,5,5,5,5,5,5,5,4.96
A151,4546,5,4,3,4,4,4,3,4,4,5,5,4,4,4,5,4,4,4,5,5,4,4,5,5,4,4.24
A181,4479,5,5,5,4,5,5,4,4,5,3,5,5,5,5,4,5,5,5,5,5,5,4,4,4,4,4.6
A195,4495,5,5,4,5,5,5,4,4,4,5,5,4,4,5,4,5,5,4,5,5,5,5,5,5,5,4.68
A188,4461,5,4,3,4,4,4,3,4,2,3,4,5,3,3,4,4,5,5,4,4,4,5,5,5,4,4
A179,4507,5,5,5,5,5,5,5,5,5,5,5,5,5,5,5,5,5,5,5,5,5,5,5,5,5,5
A202,4476,5,5,5,5,4,5,5,4,4,5,5,4,4,4,4,4,5,5,5,5,5,5,5,5,5,4.68
A192,4519,5,5,5,5,4,5,4,4,4,5,5,4,4,4,5,5,3,5,5,5,5,5,5,5,5,4.64
A190,4482,5,4,5,5,4,5,5,5,3,4,5,5,3,5,3,5,5,5,5,5,5,4,5,5,5,4.6
A225,4710,5,5,5,5,4,5,5,3,4,5,5,5,5,5,5,5,5,5,5,5,5,5,5,5,5,4.84
A224,4693,5,5,5,5,5,4,4,5,4,4,4,4,4,3,3,4,5,3,4,4,5,4,3,5,5,4.24
A228,4704,5,5,5,5,5,5,4,4,5,5,4,5,5,5,5,4,5,5,5,5,5,5,5,5,5,4.84
A227,4708,5,5,5,5,4,5,5,5,5,5,4,3,5,5,4,5,5,5,5,5,5,5,5,5,5,4.8
A235,4725,5,5,5,5,5,5,5,4,5,4,5,5,5,5,4,5,5,5,5,5,5,5,5,5,5,4.88
A240,4722,5,4,5,5,5,5,5,5,5,5,5,5,4,5,5,5,5,4,5,5,5,5,5,5,5,4.88
A236,4727,5,4,5,5,5,5,5,4,5,5,5,5,4,4,5,5,5,5,5,5,5,5,5,5,5,4.84
A232,4720,5,5,5,5,5,5,5,5,4,4,5,5,5,3,2,5,5,5,5,5,5,5,5,5,5,4.72
A230,4730,5,5,4,4,4,4,4,5,3,5,3,4,3,4,3,4,5,5,5,5,4,4,5,5,5,4.28
A238,4371,5,5,5,5,5,5,4,4,5,5,5,5,5,4,5,4,5,5,5,4,4,4,5,4,4,4.64
A245,4765,5,5,5,5,5,5,4,5,5,3,5,5,3,4,4,5,5,5,5,5,5,5,5,5,5,4.72
A250,5762,5,4,4,5,4,5,3,5,5,5,5,5,5,5,5,5,5,5,5,5,5,5,5,5,5,4.8
A244,4758,5,5,4,4,4,5,4,5,5,5,5,5,3,3,5,4,5,4,5,5,5,5,4,5,5,4.56
A252,4578,5,4,4,4,5,5,4,5,3,4,4,4,3,3,3,5,5,5,4,5,5,5,5,5,5,4.36
A268,4619,5,4,4,4,5,4,4,4,3,4,3,5,5,4,1,5,5,5,4,5,5,5,5,5,5,4.32
A262,4585,5,5,5,5,5,5,4,5,5,5,5,5,5,4,4,5,5,5,5,5,5,5,5,5,5,4.88
A274,4596,5,5,5,5,5,5,5,4,4,5,5,5,5,5,5,5,5,5,5,5,5,5,5,5,5,4.92
A261,4621,5,5,5,5,5,5,5,5,5,4,5,5,5,5,5,4,5,5,5,5,5,5,5,5,4,4.88
A285,4760F,5,4,4,4,5,5,5,4,4,5,5,5,4,4,5,5,5,5,5,5,5,5,5,5,5,4.72
A275,4746,5,5,5,5,5,5,5,5,5,5,5,5,5,5,5,5,5,5,5,5,5,5,5,5,5,5
A289,4230,5,4,5,5,5,5,4,5,5,3,4,4,4,5,4,4,4,4,4,5,5,5,4,5,5,4.48
A298,4777,5,4,5,5,4,5,5,3,3,3,3,3,3,4,3,5,4,4,5,5,5,2,4,5,5,4.08
A297,4778,5,5,5,5,4,5,5,5,5,5,5,5,5,5,5,5,5,5,5,5,5,5,5,5,5,4.96
A305,4419,5,5,4,5,5,5,5,5,3,4,5,4,3,5,4,5,5,5,5,5,5,5,5,5,5,4.68
A308,4686,5,5,4,5,5,5,4,5,4,4,5,5,4,5,5,5,5,5,5,5,5,5,5,5,5,4.8
A316,4815,5,5,5,5,5,5,5,5,5,5,5,5,5,5,5,5,5,5,5,5,5,5,5,5,5,5
A310,4821,5,4,5,5,5,5,5,5,5,5,5,5,4,5,5,5,5,5,5,4,5,5,5,5,5,4.88
A312,4816,5,5,5,5,5,5,5,5,5,5,3,5,5,5,5,5,5,5,5,5,5,5,5,5,5,4.92
A315,4817,5,5,5,5,5,5,5,5,5,5,5,5,5,5,5,5,5,5,5,5,5,5,5,5,5,5
A326,4779,5,5,5,3,3,5,2,3,5,4,5,4,4,5,3,3,5,5,5,4,4,5,4,5,5,4.24
A334,4801,5,4,5,4,3,5,5,3,3,4,4,5,5,5,5,5,5,4,5,5,5,5,5,5,5,4.56
A340,4813,5,5,5,4,3,5,3,1,5,5,4,4,3,4,2,2,4,2,5,5,5,5,4,5,5,4
A341,4836,5,5,5,5,5,5,5,5,4,3,4,4,3,4,3,4,4,4,4,5,5,4,4,5,5,4.36
A345,4826,5,5,5,5,4,5,5,3,5,5,5,5,5,5,4,5,5,5,5,5,5,5,5,5,5,4.84
A348,4832,5,5,5,5,5,5,5,5,5,5,4,5,5,5,5,5,5,4,5,5,5,4,5,4,5,4.84
A350,4846,5,4,5,5,3,5,5,4,3,4,4,2,4,4,3,4,4,5,4,5,5,4,5,5,5,4.24
A354,4848,5,5,5,5,5,5,5,5,4,4,4,4,4,4,3,4,4,4,5,5,5,4,5,5,5,4.52
A361,4869,5,5,5,5,4,5,5,5,4,5,5,4,5,5,5,4,5,5,5,5,5,5,5,5,5,4.84
A363,4862,5,5,5,5,5,5,3,4,3,4,4,4,3,3,4,4,4,4,5,5,5,5,4,5,5,4.32
A390,4912,5,5,5,5,4,5,4,4,4,4,4,4,3,4,3,3,4,4,4,5,4,4,4,4,4,4.12
A386,4884,5,4,5,4,3,4,4,4,5,4,5,5,5,4,5,5,5,5,5,5,5,5,5,5,5,4.64
A379,4885,5,5,5,4,5,5,4,4,3,5,4,4,4,4,5,5,5,5,5,5,5,5,5,5,5,4.64
A372,4911,5,5,4,4,4,5,5,4,4,5,4,4,5,4,5,5,5,5,4,5,5,5,5,5,5,4.64
A371,4904,5,5,5,5,4,5,5,5,4,5,5,5,4,4,4,5,5,4,4,5,5,5,4,5,5,4.68
A377,4906,5,4,5,5,5,5,5,5,4,4,5,5,4,4,4,4,5,5,5,5,5,5,5,4,5,4.68
A395,4896,5,3,4,4,5,5,4,5,3,5,5,5,4,2,3,5,5,5,5,5,5,5,5,5,5,4.48
A369,4898,5,5,5,5,5,5,5,5,5,4,4,4,5,5,3,4,3,4,3,5,5,4,3,5,5,4.44
A398,4888,5,4,5,5,5,5,5,5,5,5,5,4,1,5,1,4,4,5,5,5,5,5,5,5,4,4.48
A380,4901,5,5,4,4,4,5,4,4,3,3,4,4,4,4,2,4,5,5,3,5,5,5,5,4,4,4.16
A400,4920,5,4,5,5,5,5,5,5,5,4,4,4,4,4,3,5,4,5,4,5,5,5,5,5,5,4.6
A397,4932,5,5,5,5,4,5,4,4,5,5,5,5,4,5,5,4,5,5,5,5,5,5,5,5,5,4.8
A402,4954,5,4,5,3,5,4,4,5,4,5,4,4,5,4,4,4,5,5,5,5,4,4,5,5,5,4.48
A407,4929,5,4,5,4,4,5,4,4,2,4,3,3,3,5,3,4,4,4,2,4,5,2,3,5,4,3.8
A412,4934,5,4,4,5,4,5,5,5,4,5,4,4,4,4,4,4,5,4,5,4,5,5,4,5,5,4.48
A68,4368F,4,4,4,3,4,3,4,4,4,5,5,5,4,3,5,4,5,5,3,3,5,5,5,3,4,4.12
A191,4468,4,1,4,2,4,1,4,3,4,4,5,5,5,5,5,5,5,5,3,2,5,5,5,5,4,4
A3,4267,5,4,4,4,4,4,4,4,4,5,5,5,5,4,5,5,5,5,NA,5,5,5,5,5,5,4.625